artifact	container	class_entry	class_name	classfile_major	access_flags
realm-gradle-plugin	realm-gradle-plugin-10.19.0.jar	io/realm/gradle/Realm$Companion.class	io.realm.gradle.Realm$Companion	52	0x0031
realm-gradle-plugin	realm-gradle-plugin-10.19.0.jar	io/realm/gradle/Realm.class	io.realm.gradle.Realm	52	0x0021
realm-gradle-plugin	realm-gradle-plugin-10.19.0.jar	io/realm/gradle/RealmKt.class	io.realm.gradle.RealmKt	52	0x0031
realm-gradle-plugin	realm-gradle-plugin-10.19.0.jar	io/realm/gradle/SimpleAGPVersion$Companion.class	io.realm.gradle.SimpleAGPVersion$Companion	52	0x0031
realm-gradle-plugin	realm-gradle-plugin-10.19.0.jar	io/realm/gradle/SimpleAGPVersion$compareTo$$inlined$compareBy$1.class	io.realm.gradle.SimpleAGPVersion$compareTo$$inlined$compareBy$1	52	0x0031
realm-gradle-plugin	realm-gradle-plugin-10.19.0.jar	io/realm/gradle/SimpleAGPVersion$compareTo$$inlined$thenBy$1.class	io.realm.gradle.SimpleAGPVersion$compareTo$$inlined$thenBy$1	52	0x0031
realm-gradle-plugin	realm-gradle-plugin-10.19.0.jar	io/realm/gradle/SimpleAGPVersion.class	io.realm.gradle.SimpleAGPVersion	52	0x0031
realm-gradle-plugin	realm-gradle-plugin-10.19.0.jar	io/realm/gradle/Version.class	io.realm.gradle.Version	52	0x0031
realm-transformer	realm-transformer-10.19.0.jar	io/realm/analytics/AnalyticsData.class	io.realm.analytics.AnalyticsData	55	0x0031
realm-transformer	realm-transformer-10.19.0.jar	io/realm/analytics/ComputerIdentifierGenerator$Companion.class	io.realm.analytics.ComputerIdentifierGenerator$Companion	55	0x0031
realm-transformer	realm-transformer-10.19.0.jar	io/realm/analytics/ComputerIdentifierGenerator.class	io.realm.analytics.ComputerIdentifierGenerator	55	0x0031
realm-transformer	realm-transformer-10.19.0.jar	io/realm/analytics/PublicAppId.class	io.realm.analytics.PublicAppId	55	0x0031
realm-transformer	realm-transformer-10.19.0.jar	io/realm/analytics/RealmAnalytics.class	io.realm.analytics.RealmAnalytics	55	0x0031
realm-transformer	realm-transformer-10.19.0.jar	io/realm/analytics/RealmAnalyticsKt.class	io.realm.analytics.RealmAnalyticsKt	55	0x0031
realm-transformer	realm-transformer-10.19.0.jar	io/realm/analytics/UrlEncodedAnalytics$Companion.class	io.realm.analytics.UrlEncodedAnalytics$Companion	55	0x0031
realm-transformer	realm-transformer-10.19.0.jar	io/realm/analytics/UrlEncodedAnalytics.class	io.realm.analytics.UrlEncodedAnalytics	55	0x0031
realm-transformer	realm-transformer-10.19.0.jar	io/realm/gradle/RealmPluginExtension.class	io.realm.gradle.RealmPluginExtension	55	0x0021
realm-transformer	realm-transformer-10.19.0.jar	io/realm/transformer/BytecodeModifier$Companion.class	io.realm.transformer.BytecodeModifier$Companion	55	0x0031
realm-transformer	realm-transformer-10.19.0.jar	io/realm/transformer/BytecodeModifier.class	io.realm.transformer.BytecodeModifier	55	0x0031
realm-transformer	realm-transformer-10.19.0.jar	io/realm/transformer/ManagedClassPool.class	io.realm.transformer.ManagedClassPool	55	0x0031
realm-transformer	realm-transformer-10.19.0.jar	io/realm/transformer/ProjectMetaData.class	io.realm.transformer.ProjectMetaData	55	0x0031
realm-transformer	realm-transformer-10.19.0.jar	io/realm/transformer/RealmTransformerKt.class	io.realm.transformer.RealmTransformerKt	55	0x0031
realm-transformer	realm-transformer-10.19.0.jar	io/realm/transformer/RealmTransformerTask.class	io.realm.transformer.RealmTransformerTask	55	0x0421
realm-transformer	realm-transformer-10.19.0.jar	io/realm/transformer/Stopwatch.class	io.realm.transformer.Stopwatch	55	0x0031
realm-transformer	realm-transformer-10.19.0.jar	io/realm/transformer/Utils.class	io.realm.transformer.Utils	55	0x0021
realm-transformer	realm-transformer-10.19.0.jar	io/realm/transformer/Version.class	io.realm.transformer.Version	55	0x0021
realm-transformer	realm-transformer-10.19.0.jar	io/realm/transformer/build/BuildTemplate.class	io.realm.transformer.build.BuildTemplate	55	0x0421
realm-transformer	realm-transformer-10.19.0.jar	io/realm/transformer/build/BuildTemplateKt.class	io.realm.transformer.build.BuildTemplateKt	55	0x0031
realm-transformer	realm-transformer-10.19.0.jar	io/realm/transformer/build/FullBuild.class	io.realm.transformer.build.FullBuild	55	0x0031
realm-transformer	realm-transformer-10.19.0.jar	io/realm/transformer/build/IncrementalBuild.class	io.realm.transformer.build.IncrementalBuild	55	0x0031
realm-transformer	realm-transformer-10.19.0.jar	io/realm/transformer/ext/CtClassExtKt.class	io.realm.transformer.ext.CtClassExtKt	55	0x0031
realm-transformer	realm-transformer-10.19.0.jar	io/realm/transformer/ext/ProjectExtKt.class	io.realm.transformer.ext.ProjectExtKt	55	0x0031
realm-annotations	realm-annotations-10.19.0.jar	io/realm/annotations/Beta.class	io.realm.annotations.Beta	52	0x2601
realm-annotations	realm-annotations-10.19.0.jar	io/realm/annotations/Ignore.class	io.realm.annotations.Ignore	52	0x2601
realm-annotations	realm-annotations-10.19.0.jar	io/realm/annotations/Index.class	io.realm.annotations.Index	52	0x2601
realm-annotations	realm-annotations-10.19.0.jar	io/realm/annotations/LinkingObjects.class	io.realm.annotations.LinkingObjects	52	0x2601
realm-annotations	realm-annotations-10.19.0.jar	io/realm/annotations/PrimaryKey.class	io.realm.annotations.PrimaryKey	52	0x2601
realm-annotations	realm-annotations-10.19.0.jar	io/realm/annotations/RealmClass.class	io.realm.annotations.RealmClass	52	0x2601
realm-annotations	realm-annotations-10.19.0.jar	io/realm/annotations/RealmField.class	io.realm.annotations.RealmField	52	0x2601
realm-annotations	realm-annotations-10.19.0.jar	io/realm/annotations/RealmModule.class	io.realm.annotations.RealmModule	52	0x2601
realm-annotations	realm-annotations-10.19.0.jar	io/realm/annotations/RealmNamingPolicy.class	io.realm.annotations.RealmNamingPolicy	52	0x4031
realm-annotations	realm-annotations-10.19.0.jar	io/realm/annotations/Required.class	io.realm.annotations.Required	52	0x2601
realm-annotations-processor	realm-annotations-processor-10.19.0.jar	io/realm/processor/Backlink.class	io.realm.processor.Backlink	52	0x0031
realm-annotations-processor	realm-annotations-processor-10.19.0.jar	io/realm/processor/ClassCollection.class	io.realm.processor.ClassCollection	52	0x0031
realm-annotations-processor	realm-annotations-processor-10.19.0.jar	io/realm/processor/ClassMetaData$Companion.class	io.realm.processor.ClassMetaData$Companion	52	0x0031
realm-annotations-processor	realm-annotations-processor-10.19.0.jar	io/realm/processor/ClassMetaData$WhenMappings.class	io.realm.processor.ClassMetaData$WhenMappings	52	0x1031
realm-annotations-processor	realm-annotations-processor-10.19.0.jar	io/realm/processor/ClassMetaData.class	io.realm.processor.ClassMetaData	52	0x0031
realm-annotations-processor	realm-annotations-processor-10.19.0.jar	io/realm/processor/Constants$RealmFieldType.class	io.realm.processor.Constants$RealmFieldType	52	0x4031
realm-annotations-processor	realm-annotations-processor-10.19.0.jar	io/realm/processor/Constants.class	io.realm.processor.Constants	52	0x0031
realm-annotations-processor	realm-annotations-processor-10.19.0.jar	io/realm/processor/DefaultModuleGenerator.class	io.realm.processor.DefaultModuleGenerator	52	0x0031
realm-annotations-processor	realm-annotations-processor-10.19.0.jar	io/realm/processor/ModuleMetaData.class	io.realm.processor.ModuleMetaData	52	0x0031
realm-annotations-processor	realm-annotations-processor-10.19.0.jar	io/realm/processor/OsObjectBuilderTypeHelper.class	io.realm.processor.OsObjectBuilderTypeHelper	52	0x0031
realm-annotations-processor	realm-annotations-processor-10.19.0.jar	io/realm/processor/QualifiedClassName.class	io.realm.processor.QualifiedClassName	52	0x0031
realm-annotations-processor	realm-annotations-processor-10.19.0.jar	io/realm/processor/RealmFieldElement.class	io.realm.processor.RealmFieldElement	52	0x0031
realm-annotations-processor	realm-annotations-processor-10.19.0.jar	io/realm/processor/RealmJsonTypeHelper.class	io.realm.processor.RealmJsonTypeHelper	52	0x0031
realm-annotations-processor	realm-annotations-processor-10.19.0.jar	io/realm/processor/RealmProcessor.class	io.realm.processor.RealmProcessor	52	0x0031
realm-annotations-processor	realm-annotations-processor-10.19.0.jar	io/realm/processor/RealmProxyClassGenerator$Companion.class	io.realm.processor.RealmProxyClassGenerator$Companion	52	0x0031
realm-annotations-processor	realm-annotations-processor-10.19.0.jar	io/realm/processor/RealmProxyClassGenerator$WhenMappings.class	io.realm.processor.RealmProxyClassGenerator$WhenMappings	52	0x1031
realm-annotations-processor	realm-annotations-processor-10.19.0.jar	io/realm/processor/RealmProxyClassGenerator.class	io.realm.processor.RealmProxyClassGenerator	52	0x0031
realm-annotations-processor	realm-annotations-processor-10.19.0.jar	io/realm/processor/RealmProxyInterfaceGenerator.class	io.realm.processor.RealmProxyInterfaceGenerator	52	0x0031
realm-annotations-processor	realm-annotations-processor-10.19.0.jar	io/realm/processor/RealmProxyMediatorGenerator$special$$inlined$compareByDescending$1.class	io.realm.processor.RealmProxyMediatorGenerator$special$$inlined$compareByDescending$1	52	0x0031
realm-annotations-processor	realm-annotations-processor-10.19.0.jar	io/realm/processor/RealmProxyMediatorGenerator.class	io.realm.processor.RealmProxyMediatorGenerator	52	0x0031
realm-annotations-processor	realm-annotations-processor-10.19.0.jar	io/realm/processor/RealmVersionChecker$Companion.class	io.realm.processor.RealmVersionChecker$Companion	52	0x0031
realm-annotations-processor	realm-annotations-processor-10.19.0.jar	io/realm/processor/RealmVersionChecker.class	io.realm.processor.RealmVersionChecker	52	0x0031
realm-annotations-processor	realm-annotations-processor-10.19.0.jar	io/realm/processor/SimpleClassName.class	io.realm.processor.SimpleClassName	52	0x0031
realm-annotations-processor	realm-annotations-processor-10.19.0.jar	io/realm/processor/TypeMirrors$Companion.class	io.realm.processor.TypeMirrors$Companion	52	0x0031
realm-annotations-processor	realm-annotations-processor-10.19.0.jar	io/realm/processor/TypeMirrors.class	io.realm.processor.TypeMirrors	52	0x0031
realm-annotations-processor	realm-annotations-processor-10.19.0.jar	io/realm/processor/Utils$WhenMappings.class	io.realm.processor.Utils$WhenMappings	52	0x1031
realm-annotations-processor	realm-annotations-processor-10.19.0.jar	io/realm/processor/Utils.class	io.realm.processor.Utils	52	0x0031
realm-annotations-processor	realm-annotations-processor-10.19.0.jar	io/realm/processor/Version.class	io.realm.processor.Version	52	0x0021
realm-annotations-processor	realm-annotations-processor-10.19.0.jar	io/realm/processor/ext/JavaWriterExtKt.class	io.realm.processor.ext.JavaWriterExtKt	52	0x0031
realm-annotations-processor	realm-annotations-processor-10.19.0.jar	io/realm/processor/nameconverter/CamelCaseConverter.class	io.realm.processor.nameconverter.CamelCaseConverter	52	0x0031
realm-annotations-processor	realm-annotations-processor-10.19.0.jar	io/realm/processor/nameconverter/IdentityConverter.class	io.realm.processor.nameconverter.IdentityConverter	52	0x0031
realm-annotations-processor	realm-annotations-processor-10.19.0.jar	io/realm/processor/nameconverter/LowerCaseWithSeparatorConverter.class	io.realm.processor.nameconverter.LowerCaseWithSeparatorConverter	52	0x0031
realm-annotations-processor	realm-annotations-processor-10.19.0.jar	io/realm/processor/nameconverter/NameConverter.class	io.realm.processor.nameconverter.NameConverter	52	0x0601
realm-annotations-processor	realm-annotations-processor-10.19.0.jar	io/realm/processor/nameconverter/PascalCaseConverter.class	io.realm.processor.nameconverter.PascalCaseConverter	52	0x0031
realm-annotations-processor	realm-annotations-processor-10.19.0.jar	io/realm/processor/nameconverter/WordTokenizer.class	io.realm.processor.nameconverter.WordTokenizer	52	0x0031
realm-android-library	classes.jar	io/realm/BaseRealm$InstanceCallback.class	io.realm.BaseRealm$InstanceCallback	52	0x0421
realm-android-library	classes.jar	io/realm/BaseRealm$RealmObjectContext.class	io.realm.BaseRealm$RealmObjectContext	52	0x0031
realm-android-library	classes.jar	io/realm/BuildConfig.class	io.realm.BuildConfig	52	0x0031
realm-android-library	classes.jar	io/realm/Case.class	io.realm.Case	52	0x4031
realm-android-library	classes.jar	io/realm/CollectionUtils.class	io.realm.CollectionUtils	52	0x0021
realm-android-library	classes.jar	io/realm/CompactOnLaunchCallback.class	io.realm.CompactOnLaunchCallback	52	0x0601
realm-android-library	classes.jar	io/realm/DefaultCompactOnLaunchCallback.class	io.realm.DefaultCompactOnLaunchCallback	52	0x0021
realm-android-library	classes.jar	io/realm/DynamicRealm$Callback.class	io.realm.DynamicRealm$Callback	52	0x0421
realm-android-library	classes.jar	io/realm/DynamicRealm$Transaction$Callback.class	io.realm.DynamicRealm$Transaction$Callback	52	0x0021
realm-android-library	classes.jar	io/realm/DynamicRealm$Transaction$OnError.class	io.realm.DynamicRealm$Transaction$OnError	52	0x0601
realm-android-library	classes.jar	io/realm/DynamicRealm$Transaction$OnSuccess.class	io.realm.DynamicRealm$Transaction$OnSuccess	52	0x0601
realm-android-library	classes.jar	io/realm/DynamicRealm$Transaction.class	io.realm.DynamicRealm$Transaction	52	0x0601
realm-android-library	classes.jar	io/realm/DynamicRealm.class	io.realm.DynamicRealm	52	0x0021
realm-android-library	classes.jar	io/realm/DynamicRealmObject.class	io.realm.DynamicRealmObject	52	0x0021
realm-android-library	classes.jar	io/realm/FieldAttribute.class	io.realm.FieldAttribute	52	0x4031
realm-android-library	classes.jar	io/realm/FrozenPendingRow.class	io.realm.FrozenPendingRow	52	0x4031
realm-android-library	classes.jar	io/realm/ImportFlag.class	io.realm.ImportFlag	52	0x4031
realm-android-library	classes.jar	io/realm/MapChangeListener.class	io.realm.MapChangeListener	52	0x0601
realm-android-library	classes.jar	io/realm/MapChangeSet.class	io.realm.MapChangeSet	52	0x0601
realm-android-library	classes.jar	io/realm/MutableRealmInteger.class	io.realm.MutableRealmInteger	52	0x0421
realm-android-library	classes.jar	io/realm/ObjectChangeSet.class	io.realm.ObjectChangeSet	52	0x0601
realm-android-library	classes.jar	io/realm/OrderedCollectionChangeSet$Range.class	io.realm.OrderedCollectionChangeSet$Range	52	0x0021
realm-android-library	classes.jar	io/realm/OrderedCollectionChangeSet$State.class	io.realm.OrderedCollectionChangeSet$State	52	0x4031
realm-android-library	classes.jar	io/realm/OrderedCollectionChangeSet.class	io.realm.OrderedCollectionChangeSet	52	0x0601
realm-android-library	classes.jar	io/realm/OrderedRealmCollection.class	io.realm.OrderedRealmCollection	52	0x0601
realm-android-library	classes.jar	io/realm/OrderedRealmCollectionChangeListener.class	io.realm.OrderedRealmCollectionChangeListener	52	0x0601
realm-android-library	classes.jar	io/realm/OrderedRealmCollectionSnapshot.class	io.realm.OrderedRealmCollectionSnapshot	52	0x0021
realm-android-library	classes.jar	io/realm/ProxyState.class	io.realm.ProxyState	52	0x0031
realm-android-library	classes.jar	io/realm/Realm$Callback.class	io.realm.Realm$Callback	52	0x0421
realm-android-library	classes.jar	io/realm/Realm$Transaction$Callback.class	io.realm.Realm$Transaction$Callback	52	0x0021
realm-android-library	classes.jar	io/realm/Realm$Transaction$OnError.class	io.realm.Realm$Transaction$OnError	52	0x0601
realm-android-library	classes.jar	io/realm/Realm$Transaction$OnSuccess.class	io.realm.Realm$Transaction$OnSuccess	52	0x0601
realm-android-library	classes.jar	io/realm/Realm$Transaction.class	io.realm.Realm$Transaction	52	0x0601
realm-android-library	classes.jar	io/realm/Realm.class	io.realm.Realm	52	0x0021
realm-android-library	classes.jar	io/realm/RealmAny$Type.class	io.realm.RealmAny$Type	52	0x4031
realm-android-library	classes.jar	io/realm/RealmAny.class	io.realm.RealmAny	52	0x0021
realm-android-library	classes.jar	io/realm/RealmAnyNativeFunctionsImpl.class	io.realm.RealmAnyNativeFunctionsImpl	52	0x0021
realm-android-library	classes.jar	io/realm/RealmAnyOperator.class	io.realm.RealmAnyOperator	52	0x0421
realm-android-library	classes.jar	io/realm/RealmAsyncTask.class	io.realm.RealmAsyncTask	52	0x0601
realm-android-library	classes.jar	io/realm/RealmChangeListener.class	io.realm.RealmChangeListener	52	0x0601
realm-android-library	classes.jar	io/realm/RealmCollection.class	io.realm.RealmCollection	52	0x0601
realm-android-library	classes.jar	io/realm/RealmConfiguration$Builder.class	io.realm.RealmConfiguration$Builder	52	0x0021
realm-android-library	classes.jar	io/realm/RealmConfiguration.class	io.realm.RealmConfiguration	52	0x0021
realm-android-library	classes.jar	io/realm/RealmDictionary.class	io.realm.RealmDictionary	52	0x0021
realm-android-library	classes.jar	io/realm/RealmFieldType.class	io.realm.RealmFieldType	52	0x4031
realm-android-library	classes.jar	io/realm/RealmList.class	io.realm.RealmList	52	0x0021
realm-android-library	classes.jar	io/realm/RealmMap.class	io.realm.RealmMap	52	0x0421
realm-android-library	classes.jar	io/realm/RealmMapEntrySet$IteratorType.class	io.realm.RealmMapEntrySet$IteratorType	52	0x4031
realm-android-library	classes.jar	io/realm/RealmMigration.class	io.realm.RealmMigration	52	0x0601
realm-android-library	classes.jar	io/realm/RealmModel.class	io.realm.RealmModel	52	0x0601
realm-android-library	classes.jar	io/realm/RealmObject.class	io.realm.RealmObject	52	0x0421
realm-android-library	classes.jar	io/realm/RealmObjectChangeListener.class	io.realm.RealmObjectChangeListener	52	0x0601
realm-android-library	classes.jar	io/realm/RealmObjectSchema$Function.class	io.realm.RealmObjectSchema$Function	52	0x0601
realm-android-library	classes.jar	io/realm/RealmObjectSchema.class	io.realm.RealmObjectSchema	52	0x0421
realm-android-library	classes.jar	io/realm/RealmQuery.class	io.realm.RealmQuery	52	0x0021
realm-android-library	classes.jar	io/realm/RealmResults.class	io.realm.RealmResults	52	0x0021
realm-android-library	classes.jar	io/realm/RealmSchema.class	io.realm.RealmSchema	52	0x0421
realm-android-library	classes.jar	io/realm/RealmSet.class	io.realm.RealmSet	52	0x0021
realm-android-library	classes.jar	io/realm/SetChangeListener.class	io.realm.SetChangeListener	52	0x0601
realm-android-library	classes.jar	io/realm/SetChangeSet.class	io.realm.SetChangeSet	52	0x0021
realm-android-library	classes.jar	io/realm/Sort.class	io.realm.Sort	52	0x4031
realm-android-library	classes.jar	io/realm/coroutines/FlowFactory.class	io.realm.coroutines.FlowFactory	52	0x0601
realm-android-library	classes.jar	io/realm/coroutines/RealmFlowFactory.class	io.realm.coroutines.RealmFlowFactory	52	0x0021
realm-android-library	classes.jar	io/realm/exceptions/RealmError.class	io.realm.exceptions.RealmError	52	0x0031
realm-android-library	classes.jar	io/realm/exceptions/RealmException.class	io.realm.exceptions.RealmException	52	0x0031
realm-android-library	classes.jar	io/realm/exceptions/RealmFileException$Kind.class	io.realm.exceptions.RealmFileException$Kind	52	0x4031
realm-android-library	classes.jar	io/realm/exceptions/RealmFileException.class	io.realm.exceptions.RealmFileException	52	0x0021
realm-android-library	classes.jar	io/realm/exceptions/RealmMigrationNeededException.class	io.realm.exceptions.RealmMigrationNeededException	52	0x0031
realm-android-library	classes.jar	io/realm/exceptions/RealmPrimaryKeyConstraintException.class	io.realm.exceptions.RealmPrimaryKeyConstraintException	52	0x0031
realm-android-library	classes.jar	io/realm/internal/Capabilities.class	io.realm.internal.Capabilities	52	0x0601
realm-android-library	classes.jar	io/realm/internal/CheckedRow.class	io.realm.internal.CheckedRow	52	0x0021
realm-android-library	classes.jar	io/realm/internal/ColumnIndices.class	io.realm.internal.ColumnIndices	52	0x0031
realm-android-library	classes.jar	io/realm/internal/ColumnInfo$ColumnDetails.class	io.realm.internal.ColumnInfo$ColumnDetails	52	0x0031
realm-android-library	classes.jar	io/realm/internal/ColumnInfo.class	io.realm.internal.ColumnInfo	52	0x0421
realm-android-library	classes.jar	io/realm/internal/EmptyLoadChangeSet.class	io.realm.internal.EmptyLoadChangeSet	52	0x0021
realm-android-library	classes.jar	io/realm/internal/Freezable.class	io.realm.internal.Freezable	52	0x0601
realm-android-library	classes.jar	io/realm/internal/IOException.class	io.realm.internal.IOException	52	0x0021
realm-android-library	classes.jar	io/realm/internal/IdentitySet.class	io.realm.internal.IdentitySet	52	0x0021
realm-android-library	classes.jar	io/realm/internal/InvalidRow.class	io.realm.internal.InvalidRow	52	0x4031
realm-android-library	classes.jar	io/realm/internal/Keep.class	io.realm.internal.Keep	52	0x2601
realm-android-library	classes.jar	io/realm/internal/KeepMember.class	io.realm.internal.KeepMember	52	0x2601
realm-android-library	classes.jar	io/realm/internal/ManageableObject.class	io.realm.internal.ManageableObject	52	0x0601
realm-android-library	classes.jar	io/realm/internal/NativeContext$NativeContextRunnable.class	io.realm.internal.NativeContext$NativeContextRunnable	52	0x0601
realm-android-library	classes.jar	io/realm/internal/NativeContext.class	io.realm.internal.NativeContext	52	0x0021
realm-android-library	classes.jar	io/realm/internal/NativeObject.class	io.realm.internal.NativeObject	52	0x0601
realm-android-library	classes.jar	io/realm/internal/ObjectServerFacade$RealmCacheAccessor.class	io.realm.internal.ObjectServerFacade$RealmCacheAccessor	52	0x0601
realm-android-library	classes.jar	io/realm/internal/ObjectServerFacade$RealmInstanceFactory.class	io.realm.internal.ObjectServerFacade$RealmInstanceFactory	52	0x0601
realm-android-library	classes.jar	io/realm/internal/ObjectServerFacade.class	io.realm.internal.ObjectServerFacade	52	0x0021
realm-android-library	classes.jar	io/realm/internal/ObservableCollection$Callback.class	io.realm.internal.ObservableCollection$Callback	52	0x0021
realm-android-library	classes.jar	io/realm/internal/ObservableCollection$CollectionObserverPair.class	io.realm.internal.ObservableCollection$CollectionObserverPair	52	0x0021
realm-android-library	classes.jar	io/realm/internal/ObservableCollection$RealmChangeListenerWrapper.class	io.realm.internal.ObservableCollection$RealmChangeListenerWrapper	52	0x0021
realm-android-library	classes.jar	io/realm/internal/ObservableCollection.class	io.realm.internal.ObservableCollection	52	0x0601
realm-android-library	classes.jar	io/realm/internal/ObservableMap$Callback.class	io.realm.internal.ObservableMap$Callback	52	0x0021
realm-android-library	classes.jar	io/realm/internal/ObservableMap$MapObserverPair.class	io.realm.internal.ObservableMap$MapObserverPair	52	0x0021
realm-android-library	classes.jar	io/realm/internal/ObservableMap$RealmChangeListenerWrapper.class	io.realm.internal.ObservableMap$RealmChangeListenerWrapper	52	0x0021
realm-android-library	classes.jar	io/realm/internal/ObservableMap.class	io.realm.internal.ObservableMap	52	0x0601
realm-android-library	classes.jar	io/realm/internal/ObservableSet$Callback.class	io.realm.internal.ObservableSet$Callback	52	0x0021
realm-android-library	classes.jar	io/realm/internal/ObservableSet$SetObserverPair.class	io.realm.internal.ObservableSet$SetObserverPair	52	0x0021
realm-android-library	classes.jar	io/realm/internal/ObservableSet.class	io.realm.internal.ObservableSet	52	0x0601
realm-android-library	classes.jar	io/realm/internal/ObserverPairList$Callback.class	io.realm.internal.ObserverPairList$Callback	52	0x0601
realm-android-library	classes.jar	io/realm/internal/ObserverPairList$ObserverPair.class	io.realm.internal.ObserverPairList$ObserverPair	52	0x0421
realm-android-library	classes.jar	io/realm/internal/ObserverPairList.class	io.realm.internal.ObserverPairList	52	0x0021
realm-android-library	classes.jar	io/realm/internal/OsCollection.class	io.realm.internal.OsCollection	52	0x0601
realm-android-library	classes.jar	io/realm/internal/OsCollectionChangeSet.class	io.realm.internal.OsCollectionChangeSet	52	0x0021
realm-android-library	classes.jar	io/realm/internal/OsList.class	io.realm.internal.OsList	52	0x0021
realm-android-library	classes.jar	io/realm/internal/OsMap.class	io.realm.internal.OsMap	52	0x0021
realm-android-library	classes.jar	io/realm/internal/OsMapChangeSet.class	io.realm.internal.OsMapChangeSet	52	0x0021
realm-android-library	classes.jar	io/realm/internal/OsObject$ObjectObserverPair.class	io.realm.internal.OsObject$ObjectObserverPair	52	0x0021
realm-android-library	classes.jar	io/realm/internal/OsObject.class	io.realm.internal.OsObject	52	0x0021
realm-android-library	classes.jar	io/realm/internal/OsObjectSchemaInfo$Builder.class	io.realm.internal.OsObjectSchemaInfo$Builder	52	0x0021
realm-android-library	classes.jar	io/realm/internal/OsObjectSchemaInfo.class	io.realm.internal.OsObjectSchemaInfo	52	0x0021
realm-android-library	classes.jar	io/realm/internal/OsObjectStore.class	io.realm.internal.OsObjectStore	52	0x0021
realm-android-library	classes.jar	io/realm/internal/OsRealmConfig$Builder.class	io.realm.internal.OsRealmConfig$Builder	52	0x0021
realm-android-library	classes.jar	io/realm/internal/OsRealmConfig$Durability.class	io.realm.internal.OsRealmConfig$Durability	52	0x4031
realm-android-library	classes.jar	io/realm/internal/OsRealmConfig$SchemaMode.class	io.realm.internal.OsRealmConfig$SchemaMode	52	0x4031
realm-android-library	classes.jar	io/realm/internal/OsRealmConfig$SyncSessionStopPolicy.class	io.realm.internal.OsRealmConfig$SyncSessionStopPolicy	52	0x4031
realm-android-library	classes.jar	io/realm/internal/OsRealmConfig.class	io.realm.internal.OsRealmConfig	52	0x0021
realm-android-library	classes.jar	io/realm/internal/OsResults$Aggregate.class	io.realm.internal.OsResults$Aggregate	52	0x4031
realm-android-library	classes.jar	io/realm/internal/OsResults$Iterator.class	io.realm.internal.OsResults$Iterator	52	0x0421
realm-android-library	classes.jar	io/realm/internal/OsResults$ListIterator.class	io.realm.internal.OsResults$ListIterator	52	0x0421
realm-android-library	classes.jar	io/realm/internal/OsResults$Mode.class	io.realm.internal.OsResults$Mode	52	0x4031
realm-android-library	classes.jar	io/realm/internal/OsResults.class	io.realm.internal.OsResults	52	0x0021
realm-android-library	classes.jar	io/realm/internal/OsSchemaInfo.class	io.realm.internal.OsSchemaInfo	52	0x0021
realm-android-library	classes.jar	io/realm/internal/OsSet$ExternalCollectionOperation.class	io.realm.internal.OsSet$ExternalCollectionOperation	52	0x4031
realm-android-library	classes.jar	io/realm/internal/OsSet.class	io.realm.internal.OsSet	52	0x0021
realm-android-library	classes.jar	io/realm/internal/OsSharedRealm$InitializationCallback.class	io.realm.internal.OsSharedRealm$InitializationCallback	52	0x0601
realm-android-library	classes.jar	io/realm/internal/OsSharedRealm$MigrationCallback.class	io.realm.internal.OsSharedRealm$MigrationCallback	52	0x0601
realm-android-library	classes.jar	io/realm/internal/OsSharedRealm$SchemaChangedCallback.class	io.realm.internal.OsSharedRealm$SchemaChangedCallback	52	0x0601
realm-android-library	classes.jar	io/realm/internal/OsSharedRealm$VersionID.class	io.realm.internal.OsSharedRealm$VersionID	52	0x0021
realm-android-library	classes.jar	io/realm/internal/OsSharedRealm.class	io.realm.internal.OsSharedRealm	52	0x0031
realm-android-library	classes.jar	io/realm/internal/PendingRow$FrontEnd.class	io.realm.internal.PendingRow$FrontEnd	52	0x0601
realm-android-library	classes.jar	io/realm/internal/PendingRow.class	io.realm.internal.PendingRow	52	0x0021
realm-android-library	classes.jar	io/realm/internal/Property.class	io.realm.internal.Property	52	0x0021
realm-android-library	classes.jar	io/realm/internal/RealmAnyNativeFunctions.class	io.realm.internal.RealmAnyNativeFunctions	52	0x0601
realm-android-library	classes.jar	io/realm/internal/RealmCore.class	io.realm.internal.RealmCore	52	0x0021
realm-android-library	classes.jar	io/realm/internal/RealmNotifier.class	io.realm.internal.RealmNotifier	52	0x0421
realm-android-library	classes.jar	io/realm/internal/RealmObjectProxy$CacheData.class	io.realm.internal.RealmObjectProxy$CacheData	52	0x0021
realm-android-library	classes.jar	io/realm/internal/RealmObjectProxy.class	io.realm.internal.RealmObjectProxy	52	0x0601
realm-android-library	classes.jar	io/realm/internal/RealmProxyMediator.class	io.realm.internal.RealmProxyMediator	52	0x0421
realm-android-library	classes.jar	io/realm/internal/Row.class	io.realm.internal.Row	52	0x0601
realm-android-library	classes.jar	io/realm/internal/StatefulCollectionChangeSet.class	io.realm.internal.StatefulCollectionChangeSet	52	0x0021
realm-android-library	classes.jar	io/realm/internal/Table.class	io.realm.internal.Table	52	0x0021
realm-android-library	classes.jar	io/realm/internal/TableQuery.class	io.realm.internal.TableQuery	52	0x0021
realm-android-library	classes.jar	io/realm/internal/UncheckedRow.class	io.realm.internal.UncheckedRow	52	0x0021
realm-android-library	classes.jar	io/realm/internal/Util.class	io.realm.internal.Util	52	0x0021
realm-android-library	classes.jar	io/realm/internal/android/AndroidCapabilities.class	io.realm.internal.android.AndroidCapabilities	52	0x0021
realm-android-library	classes.jar	io/realm/internal/android/AndroidRealmNotifier.class	io.realm.internal.android.AndroidRealmNotifier	52	0x0021
realm-android-library	classes.jar	io/realm/internal/android/ISO8601Utils.class	io.realm.internal.android.ISO8601Utils	52	0x0021
realm-android-library	classes.jar	io/realm/internal/android/JsonUtils.class	io.realm.internal.android.JsonUtils	52	0x0021
realm-android-library	classes.jar	io/realm/internal/android/TypeUtils.class	io.realm.internal.android.TypeUtils	52	0x0021
realm-android-library	classes.jar	io/realm/internal/annotations/ObjectServer.class	io.realm.internal.annotations.ObjectServer	52	0x2601
realm-android-library	classes.jar	io/realm/internal/async/BadVersionException.class	io.realm.internal.async.BadVersionException	52	0x0021
realm-android-library	classes.jar	io/realm/internal/async/BgPriorityCallable.class	io.realm.internal.async.BgPriorityCallable	52	0x0021
realm-android-library	classes.jar	io/realm/internal/async/BgPriorityRunnable.class	io.realm.internal.async.BgPriorityRunnable	52	0x0021
realm-android-library	classes.jar	io/realm/internal/async/RealmAsyncTaskImpl.class	io.realm.internal.async.RealmAsyncTaskImpl	52	0x0031
realm-android-library	classes.jar	io/realm/internal/async/RealmThreadPoolExecutor.class	io.realm.internal.async.RealmThreadPoolExecutor	52	0x0021
realm-android-library	classes.jar	io/realm/internal/core/NativeRealmAny.class	io.realm.internal.core.NativeRealmAny	52	0x0021
realm-android-library	classes.jar	io/realm/internal/core/NativeRealmAnyCollection.class	io.realm.internal.core.NativeRealmAnyCollection	52	0x0031
realm-android-library	classes.jar	io/realm/internal/coroutines/InternalFlowFactory.class	io.realm.internal.coroutines.InternalFlowFactory	52	0x0031
realm-android-library	classes.jar	io/realm/internal/modules/CompositeMediator.class	io.realm.internal.modules.CompositeMediator	52	0x0021
realm-android-library	classes.jar	io/realm/internal/modules/FilterableMediator.class	io.realm.internal.modules.FilterableMediator	52	0x0021
realm-android-library	classes.jar	io/realm/internal/objectstore/OsKeyPathMapping.class	io.realm.internal.objectstore.OsKeyPathMapping	52	0x0021
realm-android-library	classes.jar	io/realm/internal/objectstore/OsObjectBuilder.class	io.realm.internal.objectstore.OsObjectBuilder	52	0x0021
realm-android-library	classes.jar	io/realm/internal/util/Pair.class	io.realm.internal.util.Pair	52	0x0021
realm-android-library	classes.jar	io/realm/log/LogLevel.class	io.realm.log.LogLevel	52	0x0021
realm-android-library	classes.jar	io/realm/log/RealmLog.class	io.realm.log.RealmLog	52	0x0031
realm-android-library	classes.jar	io/realm/log/RealmLogger.class	io.realm.log.RealmLogger	52	0x0601
realm-android-library	classes.jar	io/realm/mongodb/sync/SubscriptionSet$State.class	io.realm.mongodb.sync.SubscriptionSet$State	52	0x4031
realm-android-library	classes.jar	io/realm/mongodb/sync/SubscriptionSet$StateChangeCallback.class	io.realm.mongodb.sync.SubscriptionSet$StateChangeCallback	52	0x0601
realm-android-library	classes.jar	io/realm/mongodb/sync/SubscriptionSet$UpdateAsyncCallback.class	io.realm.mongodb.sync.SubscriptionSet$UpdateAsyncCallback	52	0x0601
realm-android-library	classes.jar	io/realm/mongodb/sync/SubscriptionSet$UpdateCallback.class	io.realm.mongodb.sync.SubscriptionSet$UpdateCallback	52	0x0601
realm-android-library	classes.jar	io/realm/rx/CollectionChange.class	io.realm.rx.CollectionChange	52	0x0021
realm-android-library	classes.jar	io/realm/rx/ObjectChange.class	io.realm.rx.ObjectChange	52	0x0021
realm-android-library	classes.jar	io/realm/rx/RealmObservableFactory.class	io.realm.rx.RealmObservableFactory	52	0x0021
realm-android-library	classes.jar	io/realm/rx/RxObservableFactory.class	io.realm.rx.RxObservableFactory	52	0x0601
realm-android-kotlin-extensions	classes.jar	io/realm/kotlin/BuildConfig.class	io.realm.kotlin.BuildConfig	52	0x0031
realm-android-kotlin-extensions	classes.jar	io/realm/kotlin/DynamicRealmExtensionsKt.class	io.realm.kotlin.DynamicRealmExtensionsKt	52	0x0031
realm-android-kotlin-extensions	classes.jar	io/realm/kotlin/RealmExtensionsKt.class	io.realm.kotlin.RealmExtensionsKt	52	0x0031
realm-android-kotlin-extensions	classes.jar	io/realm/kotlin/RealmListExtensionsKt.class	io.realm.kotlin.RealmListExtensionsKt	52	0x0031
realm-android-kotlin-extensions	classes.jar	io/realm/kotlin/RealmModelExtensionsKt.class	io.realm.kotlin.RealmModelExtensionsKt	52	0x0031
realm-android-kotlin-extensions	classes.jar	io/realm/kotlin/RealmObjectExtensionsKt.class	io.realm.kotlin.RealmObjectExtensionsKt	52	0x0031
realm-android-kotlin-extensions	classes.jar	io/realm/kotlin/RealmQueryExtensionsKt.class	io.realm.kotlin.RealmQueryExtensionsKt	52	0x0031
realm-android-kotlin-extensions	classes.jar	io/realm/kotlin/RealmResultsExtensionsKt.class	io.realm.kotlin.RealmResultsExtensionsKt	52	0x0031
